[
  {"id":1,"info":"我是商品1","price":180.00,"img":"images/1.jpg"},
  {"id":2,"info":"我是商品2","price":190.00,"img":"images/2.jpg"},
  {"id":3,"info":"我是商品3","price":210.00,"img":"images/3.jpg"},
  {"id":4,"info":"我是商品4","price":170.00,"img":"images/4.jpg"},
  {"id":5,"info":"我是商品5","price":150.00,"img":"images/5.jpg"},
  {"id":6,"info":"我是商品6","price":140.00,"img":"images/6.jpg"},
  {"id":7,"info":"我是商品7","price":110.00,"img":"images/7.jpg"},
  {"id":8,"info":"我是商品8","price":120.00,"img":"images/8.jpg"},
  {"id":9,"info":"我是商品9","price":130.00,"img":"images/9.jpg"},
  {"id":10,"info":"我是商品10","price":170.00,"img":"images/10.jpg"},
  {"id":11,"info":"我是商品11","price":120.00,"img":"images/11.jpg"},
  {"id":12,"info":"我是商品12","price":230.00,"img":"images/12.jpg"},
  {"id":13,"info":"我是商品13","price":187.00,"img":"images/13.jpg"},
  {"id":14,"info":"我是商品14","price":199.00,"img":"images/1.jpg"},
  {"id":15,"info":"我是商品15","price":201.00,"img":"images/3.jpg"},
  {"id":16,"info":"我是商品16","price":213.00,"img":"images/5.jpg"},
  {"id":17,"info":"我是商品17","price":119.00,"img":"images/7.jpg"},
  {"id":18,"info":"我是商品18","price":195.00,"img":"images/9.jpg"},
  {"id":19,"info":"我是商品19","price":234.00,"img":"images/12.jpg"},
  {"id":20,"info":"我是商品20","price":2222.00,"img":"images/7.jpg"},
  {"id":21,"info":"我是商品21","price":22.00,"img":"images/9.jpg"},
  {"id":22,"info":"我是商品22","price":120.00,"img":"images/11.jpg"},
  {"id":23,"info":"我是商品23","price":230.00,"img":"images/12.jpg"},
  {"id":24,"info":"我是商品24","price":187.00,"img":"images/13.jpg"},
  {"id":25,"info":"我是商品25","price":199.00,"img":"images/1.jpg"}
]
